dataset,Innovator,Risk,Admin,Pedagogical,Marketing,Governance_Coherence,AI_Optimism_Index
hype_ge1000,0.0,0.0,13.60544217687075,0.0,86.39455782312925,13.60544217687075,5.91523055426176
hype_top50,16.563146997929607,15.320910973084887,39.33747412008282,16.149068322981368,12.629399585921325,55.48654244306418,0.4065392267104922
control_top50,0.0,0.0,53.17460317460318,46.82539682539682,0.0,100.0,0.0
control_ge1000,0.0,0.0,100.0,0.0,0.0,100.0,0.0
